	{

		"metadata": {
			"formatVersion" : 3.1,
			"generatedBy"   : "Blender 2.7 Exporter",
			"vertices"      : 8,
			"faces"         : 6,
			"normals"       : 8,
			"colors"        : 0,
			"uvs"           : [],
			"materials"     : 1,
			"morphTargets"  : 0,
			"bones"         : 2
		},

			"scale" : 1.000000,
			
			"vertices" : [1,-1,-1,1,-1,1,-1,-1,1,-1,-1,-1,1,5.19862,-1,0.999999,5.19862,1,-1,5.19862,0.999999,-1,5.19862,-1],
			"faces"    : [35,0,1,2,3,0,0,1,2,3,35,4,7,6,5,0,4,5,6,7,35,0,4,5,1,0,0,4,7,1,35,1,5,6,2,0,1,7,6,2,35,2,6,7,3,0,2,6,5,3,35,4,0,3,7,0,4,0,3,5],
			"uvs"      : [],
			"normals"  : [0.577349,-0.577349,-0.577349,0.577349,-0.577349,0.577349,-0.577349,-0.577349,0.577349,-0.577349,-0.577349,-0.577349,0.577349,0.577349,-0.577349,-0.577349,0.577349,-0.577349,-0.577349,0.577349,0.577349,0.577349,0.577349,0.577349],
			
			"skinIndices"  : [1,0,1,0,1,0,1,0,1,0,1,0,1,0,1,0],
			"skinWeights"  : [1,0.030454,1,1.21591e-25,1,1.7814e-32,0.999633,2.81379e-09,1,0.00115234,0.979083,2.20275e-09,1,3.02331e-09,1,4.2633e-11],
			"morphTargets" : [],
			
			"bones"      : [{"parent":-1,"name":"Bone","pos":[0,0,-0],"rotq":[0.707107,0,-0,0.707107],"scl":[1,1,1]},{"parent":0,"name":"Bone.001","pos":[0,0,-1],"rotq":[0,0,-0,1],"scl":[1,1,1]}],
			"animations" : [{"name":"ArmatureAction","fps":24,"length":2.29167,"hierarchy":[{"parent":-1,"keys":[{"time":0,"pos":[0,0,-0],"rot":[0.707107,0,-0,0.707107],"scl":[1,1,1]},{"time":0.0416667,"pos":[0,0,-0],"rot":[0.707107,0,-0,0.707107],"scl":[1,1,1]},{"time":0.0833333,"pos":[0,0,-0],"rot":[0.707107,0,-0,0.707107],"scl":[1,1,1]},{"time":0.125,"pos":[0,0,-0],"rot":[0.707107,0,-0,0.707107],"scl":[1,1,1]},{"time":0.166667,"pos":[0,0,-0],"rot":[0.707107,0,-0,0.707107],"scl":[1,1,1]},{"time":0.208333,"pos":[0,0,-0],"rot":[0.707107,0,-0,0.707107],"scl":[1,1,1]},{"time":0.25,"pos":[0,0,-0],"rot":[0.707107,0,-0,0.707107],"scl":[1,1,1]},{"time":0.291667,"pos":[0,0,-0],"rot":[0.707107,0,-0,0.707107],"scl":[1,1,1]},{"time":0.333333,"pos":[0,0,-0],"rot":[0.707107,0,-0,0.707107],"scl":[1,1,1]},{"time":0.375,"pos":[0,0,-0],"rot":[0.707107,0,-0,0.707107],"scl":[1,1,1]},{"time":0.416667,"pos":[0,0,-0],"rot":[0.707107,0,-0,0.707107],"scl":[1,1,1]},{"time":0.458333,"pos":[0,0,-0],"rot":[0.707107,0,-0,0.707107],"scl":[1,1,1]},{"time":0.5,"pos":[0,0,-0],"rot":[0.707107,0,-0,0.707107],"scl":[1,1,1]},{"time":0.541667,"pos":[0,0,-0],"rot":[0.707107,0,-0,0.707107],"scl":[1,1,1]},{"time":0.583333,"pos":[0,0,-0],"rot":[0.707107,0,-0,0.707107],"scl":[1,1,1]},{"time":0.625,"pos":[0,0,-0],"rot":[0.707107,0,-0,0.707107],"scl":[1,1,1]},{"time":0.666667,"pos":[0,0,-0],"rot":[0.707107,0,-0,0.707107],"scl":[1,1,1]},{"time":0.708333,"pos":[0,0,-0],"rot":[0.707107,0,-0,0.707107],"scl":[1,1,1]},{"time":0.75,"pos":[0,0,-0],"rot":[0.707107,0,-0,0.707107],"scl":[1,1,1]},{"time":0.791667,"pos":[0,0,-0],"rot":[0.707107,0,-0,0.707107],"scl":[1,1,1]},{"time":0.833333,"pos":[0,0,-0],"rot":[0.707107,0,-0,0.707107],"scl":[1,1,1]},{"time":0.875,"pos":[0,0,-0],"rot":[0.707107,0,-0,0.707107],"scl":[1,1,1]},{"time":0.916667,"pos":[0,0,-0],"rot":[0.707107,0,-0,0.707107],"scl":[1,1,1]},{"time":0.958333,"pos":[0,0,-0],"rot":[0.707107,0,-0,0.707107],"scl":[1,1,1]},{"time":1,"pos":[0,0,-0],"rot":[0.707107,0,-0,0.707107],"scl":[1,1,1]},{"time":1.04167,"pos":[0,0,-0],"rot":[0.707107,0,-0,0.707107],"scl":[1,1,1]},{"time":1.08333,"pos":[0,0,-0],"rot":[0.707107,0,-0,0.707107],"scl":[1,1,1]},{"time":1.125,"pos":[0,0,-0],"rot":[0.707107,0,-0,0.707107],"scl":[1,1,1]},{"time":1.16667,"pos":[0,0,-0],"rot":[0.707107,0,-0,0.707107],"scl":[1,1,1]},{"time":1.20833,"pos":[0,0,-0],"rot":[0.707107,0,-0,0.707107],"scl":[1,1,1]},{"time":1.25,"pos":[0,0,-0],"rot":[0.707107,0,-0,0.707107],"scl":[1,1,1]},{"time":1.29167,"pos":[0,0,-0],"rot":[0.707107,0,-0,0.707107],"scl":[1,1,1]},{"time":1.33333,"pos":[0,0,-0],"rot":[0.707107,0,-0,0.707107],"scl":[1,1,1]},{"time":1.375,"pos":[0,0,-0],"rot":[0.707107,0,-0,0.707107],"scl":[1,1,1]},{"time":1.41667,"pos":[0,0,-0],"rot":[0.707107,0,-0,0.707107],"scl":[1,1,1]},{"time":1.45833,"pos":[0,0,-0],"rot":[0.707107,0,-0,0.707107],"scl":[1,1,1]},{"time":1.5,"pos":[0,0,-0],"rot":[0.707107,0,-0,0.707107],"scl":[1,1,1]},{"time":1.54167,"pos":[0,0,-0],"rot":[0.707107,0,-0,0.707107],"scl":[1,1,1]},{"time":1.58333,"pos":[0,0,-0],"rot":[0.707107,0,-0,0.707107],"scl":[1,1,1]},{"time":1.625,"pos":[0,0,-0],"rot":[0.707107,0,-0,0.707107],"scl":[1,1,1]},{"time":1.66667,"pos":[0,0,-0],"rot":[0.707107,0,-0,0.707107],"scl":[1,1,1]},{"time":1.70833,"pos":[0,0,-0],"rot":[0.707107,0,-0,0.707107],"scl":[1,1,1]},{"time":1.75,"pos":[0,0,-0],"rot":[0.707107,0,-0,0.707107],"scl":[1,1,1]},{"time":1.79167,"pos":[0,0,-0],"rot":[0.707107,0,-0,0.707107],"scl":[1,1,1]},{"time":1.83333,"pos":[0,0,-0],"rot":[0.707107,0,-0,0.707107],"scl":[1,1,1]},{"time":1.875,"pos":[0,0,-0],"rot":[0.707107,0,-0,0.707107],"scl":[1,1,1]},{"time":1.91667,"pos":[0,0,-0],"rot":[0.707107,0,-0,0.707107],"scl":[1,1,1]},{"time":1.95833,"pos":[0,0,-0],"rot":[0.707107,0,-0,0.707107],"scl":[1,1,1]},{"time":2,"pos":[0,0,-0],"rot":[0.707107,0,-0,0.707107],"scl":[1,1,1]},{"time":2.04167,"pos":[0,0,-0],"rot":[0.707107,0,-0,0.707107],"scl":[1,1,1]},{"time":2.08333,"pos":[0,0,-0],"rot":[0.707107,0,-0,0.707107],"scl":[1,1,1]},{"time":2.125,"pos":[0,0,-0],"rot":[0.707107,0,-0,0.707107],"scl":[1,1,1]},{"time":2.16667,"pos":[0,0,-0],"rot":[0.707107,0,-0,0.707107],"scl":[1,1,1]},{"time":2.20833,"pos":[0,0,-0],"rot":[0.707107,0,-0,0.707107],"scl":[1,1,1]},{"time":2.25,"pos":[0,0,-0],"rot":[0.707107,0,-0,0.707107],"scl":[1,1,1]},{"time":2.29167,"pos":[0,0,-0],"rot":[0.707107,0,-0,0.707107],"scl":[1,1,1]}]},{"parent":0,"keys":[{"time":0,"pos":[0,0,-1],"rot":[0,0,-0,1],"scl":[1,1,1]},{"time":0.0416667,"pos":[0,0,-1],"rot":[0.000277091,0,-0,1],"scl":[1,1,1]},{"time":0.0833333,"pos":[0,0,-1],"rot":[0.00111173,0,-0,0.999999],"scl":[1,1,1]},{"time":0.125,"pos":[0,0,-1],"rot":[0.00250855,0,-0,0.999997],"scl":[1,1,1]},{"time":0.166667,"pos":[0,0,-1],"rot":[0.00447146,0,-0,0.99999],"scl":[1,1,1]},{"time":0.208333,"pos":[0,0,-1],"rot":[0.0070036,0,-0,0.999976],"scl":[1,1,1]},{"time":0.25,"pos":[0,0,-1],"rot":[0.010107,0,-0,0.999949],"scl":[1,1,1]},{"time":0.291667,"pos":[0,0,-1],"rot":[0.0137827,0,-0,0.999905],"scl":[1,1,1]},{"time":0.333333,"pos":[0,0,-1],"rot":[0.01803,0,-0,0.999837],"scl":[1,1,1]},{"time":0.375,"pos":[0,0,-1],"rot":[0.0228469,0,-0,0.999739],"scl":[1,1,1]},{"time":0.416667,"pos":[0,0,-1],"rot":[0.0282293,0,-0,0.999601],"scl":[1,1,1]},{"time":0.458333,"pos":[0,0,-1],"rot":[0.0341712,0,-0,0.999416],"scl":[1,1,1]},{"time":0.5,"pos":[0,0,-1],"rot":[0.0406639,0,-0,0.999173],"scl":[1,1,1]},{"time":0.541667,"pos":[0,0,-1],"rot":[0.0476964,0,-0,0.998862],"scl":[1,1,1]},{"time":0.583333,"pos":[0,0,-1],"rot":[0.0552546,0,-0,0.998472],"scl":[1,1,1]},{"time":0.625,"pos":[0,0,-1],"rot":[0.0633215,0,-0,0.997993],"scl":[1,1,1]},{"time":0.666667,"pos":[0,0,-1],"rot":[0.0718766,0,-0,0.997414],"scl":[1,1,1]},{"time":0.708333,"pos":[0,0,-1],"rot":[0.0808961,0,-0,0.996723],"scl":[1,1,1]},{"time":0.75,"pos":[0,0,-1],"rot":[0.0903528,0,-0,0.99591],"scl":[1,1,1]},{"time":0.791667,"pos":[0,0,-1],"rot":[0.100216,0,-0,0.994966],"scl":[1,1,1]},{"time":0.833333,"pos":[0,0,-1],"rot":[0.11045,0,-0,0.993882],"scl":[1,1,1]},{"time":0.875,"pos":[0,0,-1],"rot":[0.121018,0,-0,0.99265],"scl":[1,1,1]},{"time":0.916667,"pos":[0,0,-1],"rot":[0.131879,0,-0,0.991266],"scl":[1,1,1]},{"time":0.958333,"pos":[0,0,-1],"rot":[0.142988,0,-0,0.989724],"scl":[1,1,1]},{"time":1,"pos":[0,0,-1],"rot":[0.154299,0,-0,0.988024],"scl":[1,1,1]},{"time":1.04167,"pos":[0,0,-1],"rot":[0.165763,0,-0,0.986166],"scl":[1,1,1]},{"time":1.08333,"pos":[0,0,-1],"rot":[0.177329,0,-0,0.984152],"scl":[1,1,1]},{"time":1.125,"pos":[0,0,-1],"rot":[0.188946,0,-0,0.981988],"scl":[1,1,1]},{"time":1.16667,"pos":[0,0,-1],"rot":[0.200562,0,-0,0.979681],"scl":[1,1,1]},{"time":1.20833,"pos":[0,0,-1],"rot":[0.212124,0,-0,0.977243],"scl":[1,1,1]},{"time":1.25,"pos":[0,0,-1],"rot":[0.223583,0,-0,0.974685],"scl":[1,1,1]},{"time":1.29167,"pos":[0,0,-1],"rot":[0.234887,0,-0,0.972023],"scl":[1,1,1]},{"time":1.33333,"pos":[0,0,-1],"rot":[0.24599,0,-0,0.969272],"scl":[1,1,1]},{"time":1.375,"pos":[0,0,-1],"rot":[0.256845,0,-0,0.966453],"scl":[1,1,1]},{"time":1.41667,"pos":[0,0,-1],"rot":[0.267411,0,-0,0.963583],"scl":[1,1,1]},{"time":1.45833,"pos":[0,0,-1],"rot":[0.277648,0,-0,0.960683],"scl":[1,1,1]},{"time":1.5,"pos":[0,0,-1],"rot":[0.28752,0,-0,0.957775],"scl":[1,1,1]},{"time":1.54167,"pos":[0,0,-1],"rot":[0.296995,0,-0,0.954879],"scl":[1,1,1]},{"time":1.58333,"pos":[0,0,-1],"rot":[0.306045,0,-0,0.952017],"scl":[1,1,1]},{"time":1.625,"pos":[0,0,-1],"rot":[0.314644,0,-0,0.94921],"scl":[1,1,1]},{"time":1.66667,"pos":[0,0,-1],"rot":[0.322772,0,-0,0.946477],"scl":[1,1,1]},{"time":1.70833,"pos":[0,0,-1],"rot":[0.33041,0,-0,0.943838],"scl":[1,1,1]},{"time":1.75,"pos":[0,0,-1],"rot":[0.337544,0,-0,0.94131],"scl":[1,1,1]},{"time":1.79167,"pos":[0,0,-1],"rot":[0.344161,0,-0,0.938911],"scl":[1,1,1]},{"time":1.83333,"pos":[0,0,-1],"rot":[0.350254,0,-0,0.936655],"scl":[1,1,1]},{"time":1.875,"pos":[0,0,-1],"rot":[0.355816,0,-0,0.934556],"scl":[1,1,1]},{"time":1.91667,"pos":[0,0,-1],"rot":[0.360843,0,-0,0.932627],"scl":[1,1,1]},{"time":1.95833,"pos":[0,0,-1],"rot":[0.365332,0,-0,0.930877],"scl":[1,1,1]},{"time":2,"pos":[0,0,-1],"rot":[0.369283,0,-0,0.929317],"scl":[1,1,1]},{"time":2.04167,"pos":[0,0,-1],"rot":[0.372697,0,-0,0.927953],"scl":[1,1,1]},{"time":2.08333,"pos":[0,0,-1],"rot":[0.375575,0,-0,0.926792],"scl":[1,1,1]},{"time":2.125,"pos":[0,0,-1],"rot":[0.37792,0,-0,0.925838],"scl":[1,1,1]},{"time":2.16667,"pos":[0,0,-1],"rot":[0.379737,0,-0,0.925094],"scl":[1,1,1]},{"time":2.20833,"pos":[0,0,-1],"rot":[0.381029,0,-0,0.924563],"scl":[1,1,1]},{"time":2.25,"pos":[0,0,-1],"rot":[0.3818,0,-0,0.924245],"scl":[1,1,1]},{"time":2.29167,"pos":[0,0,-1],"rot":[0.382056,0,-0,0.924139],"scl":[1,1,1]}]}]}],
			
			"colors"    : [],
			"materials" : [
				{
					"DbgColor": 15658734,
					"DbgIndex": 0,
					"DbgName": "Material",
					"blending": "NormalBlending",
					"colorAmbient": [0.6400000190734865, 0.6400000190734865, 0.6400000190734865],
					"colorDiffuse": [0.6400000190734865, 0.6400000190734865, 0.6400000190734865],
					"colorEmissive": [0.0, 0.0, 0.0],
					"colorSpecular": [0.5, 0.5, 0.5],
					"depthTest": true,
					"depthWrite": true,
					"shading": "Lambert",
					"specularCoef": 50,
					"transparency": 1.0,
					"transparent": false,
					"vertexColors": false
				}
			]


	}
